,TimeIn,TimeOut,Symbol,Profit,Hysteresis_in,Hysteresis_out,ReasonNumber,duration,TimeIn_Date,TimeOut_Date
0,2012-04-02 00:00:00,2012-04-02 19:00:00,EURJPY,-12.09,535.622,402.312,0,19.0,2012-04-02,2012-04-02
22,2012-04-02 19:00:00,2012-04-10 05:00:00,EURJPY,19.5,402.312,183.312,0,178.0,2012-04-02,2012-04-10
25,2012-04-10 05:00:00,2012-04-10 10:00:00,EURJPY,-11.42,183.312,226.000,0,5.0,2012-04-10,2012-04-10
35,2012-04-10 10:00:00,2012-04-12 09:14:56,EURJPY,-3.41,226.000,86.389,0,47.24888888888889,2012-04-10,2012-04-12
39,2012-04-12 09:14:56,2012-04-13 20:00:00,EURJPY,-6.27,86.389,284.668,0,34.75111111111111,2012-04-12,2012-04-13
48,2012-04-13 20:00:00,2012-04-17 17:00:00,EURJPY,-2.16,284.668,165.167,0,93.0,2012-04-13,2012-04-17
61,2012-04-17 17:00:00,2012-04-23 12:00:00,EURJPY,3.93,165.167,350.356,0,139.0,2012-04-17,2012-04-23
67,2012-04-23 12:00:00,2012-04-24 23:00:00,EURJPY,-7.19,350.356,133.840,0,35.0,2012-04-23,2012-04-24
73,2012-04-24 23:00:00,2012-04-26 16:00:00,EURJPY,-5.06,133.840,252.980,0,41.0,2012-04-24,2012-04-26
89,2012-04-26 16:00:00,2012-05-02 06:19:35,EURJPY,5.76,252.980,23.587,0,134.32638888888889,2012-04-26,2012-05-02
91,2012-05-02 06:19:35,2012-05-02 13:00:00,EURJPY,-6.82,23.587,126.791,0,6.673611111111111,2012-05-02,2012-05-02
122,2012-05-02 13:00:00,2012-05-21 13:00:00,EURJPY,41.38,126.791,42.912,0,456.0,2012-05-02,2012-05-21
135,2012-05-21 13:00:00,2012-05-23 06:00:00,EURJPY,-4.74,42.912,251.670,0,41.0,2012-05-21,2012-05-23
143,2012-05-23 06:00:00,2012-05-28 07:00:00,EURJPY,7.9,251.670,104.974,0,121.0,2012-05-23,2012-05-28
146,2012-05-28 07:00:00,2012-05-28 16:00:00,EURJPY,-3.95,104.974,90.659,0,9.0,2012-05-28,2012-05-28
161,2012-05-28 16:00:00,2012-06-04 16:00:00,EURJPY,19.96,90.659,167.259,0,168.0,2012-05-28,2012-06-04
176,2012-06-04 16:00:00,2012-06-08 13:00:00,EURJPY,10.97,167.259,385.960,0,93.0,2012-06-04,2012-06-08
183,2012-06-08 13:00:00,2012-06-11 02:00:00,EURJPY,-18.8,385.960,335.435,0,61.0,2012-06-08,2012-06-11
188,2012-06-11 02:00:00,2012-06-11 19:00:00,EURJPY,-13.48,335.435,262.024,0,17.0,2012-06-11,2012-06-11
201,2012-06-11 19:00:00,2012-06-13 13:00:00,EURJPY,-5.86,262.024,140.822,0,42.0,2012-06-11,2012-06-13
212,2012-06-13 13:00:00,2012-06-15 13:00:00,EURJPY,-5.39,140.822,219.321,0,48.0,2012-06-13,2012-06-15
216,2012-06-15 13:00:00,2012-06-18 03:00:00,EURJPY,-14.03,219.321,322.574,0,62.0,2012-06-15,2012-06-18
217,2012-06-18 03:00:00,2012-06-18 18:00:00,EURJPY,-14.88,322.574,347.910,0,15.0,2012-06-18,2012-06-18
222,2012-06-18 18:00:00,2012-06-19 19:21:31,EURJPY,-11.5,347.910,259.785,0,25.35861111111111,2012-06-18,2012-06-19
231,2012-06-19 19:21:32,2012-06-25 07:00:00,EURJPY,1.48,259.657,152.908,0,131.64111111111112,2012-06-19,2012-06-25
247,2012-06-25 07:00:00,2012-06-29 09:00:00,EURJPY,4.14,152.908,488.233,0,98.0,2012-06-25,2012-06-29
252,2012-06-29 09:00:00,2012-07-04 08:00:00,EURJPY,2.63,488.233,112.422,0,119.0,2012-06-29,2012-07-04
287,2012-07-04 08:00:00,2012-07-17 03:29:05,EURJPY,33.9,112.422,76.185,0,307.4847222222222,2012-07-04,2012-07-17
290,2012-07-17 03:29:05,2012-07-18 16:00:00,EURJPY,-4.44,76.185,150.389,0,36.515277777777776,2012-07-17,2012-07-18
304,2012-07-18 16:00:00,2012-07-25 16:00:00,EURJPY,18.69,150.389,266.407,0,168.0,2012-07-18,2012-07-25
311,2012-07-25 16:00:00,2012-07-30 18:00:00,EURJPY,8.88,266.407,191.299,0,122.0,2012-07-25,2012-07-30
318,2012-07-30 18:00:00,2012-08-01 15:00:00,EURJPY,-4.66,191.299,142.275,0,45.0,2012-07-30,2012-08-01
322,2012-08-01 15:00:00,2012-08-02 02:00:00,EURJPY,-3.25,142.275,82.121,0,11.0,2012-08-01,2012-08-02
325,2012-08-02 02:00:00,2012-08-02 09:00:00,EURJPY,-1.85,82.121,56.932,0,7.0,2012-08-02,2012-08-02
326,2012-08-02 09:00:00,2012-08-02 15:00:00,EURJPY,-6.45,56.932,91.703,0,6.0,2012-08-02,2012-08-02
331,2012-08-02 15:00:00,2012-08-03 16:01:01,EURJPY,-15.36,91.703,395.477,0,25.016944444444444,2012-08-02,2012-08-03
342,2012-08-03 16:01:01,2012-08-08 12:00:00,EURJPY,-2.2,395.477,205.749,0,115.98305555555555,2012-08-03,2012-08-08
357,2012-08-08 12:00:00,2012-08-13 19:00:00,EURJPY,0.86,205.749,208.182,0,127.0,2012-08-08,2012-08-13
391,2012-08-13 19:00:00,2012-08-23 08:00:00,EURJPY,18.0,208.182,49.354,0,229.0,2012-08-13,2012-08-23
392,2012-08-23 08:00:00,2012-08-23 13:00:05,EURJPY,-2.67,49.354,34.721,0,5.001388888888889,2012-08-23,2012-08-23
394,2012-08-23 13:00:05,2012-08-23 21:00:00,EURJPY,-1.48,34.721,33.295,0,7.998611111111111,2012-08-23,2012-08-23
399,2012-08-23 21:00:00,2012-08-28 18:00:00,EURJPY,-0.73,33.295,149.563,0,117.0,2012-08-23,2012-08-28
406,2012-08-28 18:00:00,2012-08-30 18:00:00,EURJPY,-4.8,149.563,133.769,0,48.0,2012-08-28,2012-08-30
411,2012-08-30 18:00:00,2012-08-31 17:00:00,EURJPY,-5.24,133.769,234.895,0,23.0,2012-08-30,2012-08-31
413,2012-08-31 17:00:00,2012-09-03 02:58:24,EURJPY,-4.27,234.895,25.877,0,57.973333333333336,2012-08-31,2012-09-03
415,2012-09-03 02:58:24,2012-09-03 17:15:25,EURJPY,-3.72,25.877,17.778,0,14.283611111111112,2012-09-03,2012-09-03
417,2012-09-03 17:15:25,2012-09-04 23:01:28,EURJPY,-1.24,17.778,48.167,0,29.7675,2012-09-03,2012-09-04
424,2012-09-04 23:01:28,2012-09-05 20:00:00,EURJPY,-2.46,48.167,195.620,0,20.975555555555555,2012-09-04,2012-09-05
432,2012-09-05 20:00:00,2012-09-11 07:00:00,EURJPY,11.2,195.620,27.380,0,131.0,2012-09-05,2012-09-11
433,2012-09-11 07:00:00,2012-09-11 09:08:29,EURJPY,-3.07,27.380,28.477,0,2.141388888888889,2012-09-11,2012-09-11
434,2012-09-11 09:08:29,2012-09-11 14:00:00,EURJPY,-5.77,28.477,54.457,0,4.858611111111111,2012-09-11,2012-09-11
437,2012-09-11 14:00:00,2012-09-12 04:05:00,EURJPY,-5.35,54.457,15.369,0,14.083333333333334,2012-09-11,2012-09-12
443,2012-09-12 04:05:00,2012-09-13 18:30:42,EURJPY,-6.31,15.369,171.914,0,38.428333333333335,2012-09-12,2012-09-13
445,2012-09-13 18:30:42,2012-09-13 22:00:00,EURJPY,-12.04,171.914,133.024,0,3.4883333333333333,2012-09-13,2012-09-13
454,2012-09-13 22:00:00,2012-09-19 00:00:04,EURJPY,19.7,133.024,46.624,0,122.00111111111111,2012-09-13,2012-09-19
455,2012-09-19 00:00:04,2012-09-19 09:00:00,EURJPY,-5.99,46.624,219.327,0,8.998888888888889,2012-09-19,2012-09-19
458,2012-09-19 09:00:00,2012-09-19 16:00:00,EURJPY,-11.53,219.327,385.688,0,7.0,2012-09-19,2012-09-19
484,2012-09-19 16:00:00,2012-09-28 04:02:20,EURJPY,19.44,385.688,39.462,0,204.0388888888889,2012-09-19,2012-09-28
492,2012-09-28 04:02:20,2012-10-01 05:00:00,EURJPY,-4.01,39.462,173.662,0,72.96111111111111,2012-09-28,2012-10-01
495,2012-10-01 05:00:00,2012-10-01 14:00:00,EURJPY,-6.03,173.662,251.435,0,9.0,2012-10-01,2012-10-01
512,2012-10-01 14:00:00,2012-10-08 12:00:00,EURJPY,8.08,251.435,317.648,0,166.0,2012-10-01,2012-10-08
523,2012-10-08 12:00:00,2012-10-11 17:00:00,EURJPY,-3.51,317.648,428.237,0,77.0,2012-10-08,2012-10-11
542,2012-10-11 17:00:00,2012-10-19 17:00:00,EURJPY,17.42,428.237,106.936,0,192.0,2012-10-11,2012-10-19
544,2012-10-19 17:00:00,2012-10-22 11:00:00,EURJPY,-6.42,106.936,270.604,0,66.0,2012-10-19,2012-10-22
549,2012-10-22 11:00:00,2012-10-23 18:00:00,EURJPY,-5.84,270.604,224.198,0,31.0,2012-10-22,2012-10-23
558,2012-10-23 18:00:00,2012-10-25 10:00:00,EURJPY,-7.67,224.198,231.793,0,40.0,2012-10-23,2012-10-25
564,2012-10-25 10:00:00,2012-10-26 10:00:00,EURJPY,-8.94,231.793,194.576,0,24.0,2012-10-25,2012-10-26
574,2012-10-26 10:00:00,2012-10-30 20:00:00,EURJPY,1.55,194.576,177.895,0,106.0,2012-10-26,2012-10-30
585,2012-10-30 20:00:00,2012-11-02 15:00:00,EURJPY,2.07,177.895,107.673,0,67.0,2012-10-30,2012-11-02
593,2012-11-02 15:00:00,2012-11-07 10:00:00,EURJPY,2.59,107.673,198.662,0,115.0,2012-11-02,2012-11-07
594,2012-11-07 10:00:00,2012-11-07 17:00:00,EURJPY,-12.66,198.662,445.782,0,7.0,2012-11-07,2012-11-07
613,2012-11-07 17:00:00,2012-11-14 04:00:00,EURJPY,6.85,445.782,81.422,0,155.0,2012-11-07,2012-11-14
637,2012-11-14 04:00:00,2012-11-27 18:56:59,EURJPY,48.19,81.422,109.536,0,326.94972222222225,2012-11-14,2012-11-27
649,2012-11-27 18:56:59,2012-11-29 06:00:00,EURJPY,-0.46,109.536,95.591,0,35.05027777777778,2012-11-27,2012-11-29
661,2012-11-29 06:00:00,2012-12-04 16:00:00,EURJPY,8.06,95.591,11.536,0,130.0,2012-11-29,2012-12-04
664,2012-12-04 16:00:00,2012-12-05 04:00:00,EURJPY,-4.77,11.536,110.662,0,12.0,2012-12-04,2012-12-05
669,2012-12-05 04:00:00,2012-12-06 18:00:00,EURJPY,-9.49,110.662,271.009,0,38.0,2012-12-05,2012-12-06
677,2012-12-06 18:00:00,2012-12-11 09:25:34,EURJPY,-0.01,271.009,66.908,0,111.42611111111111,2012-12-06,2012-12-11
695,2012-12-11 09:25:34,2012-12-20 11:00:00,EURJPY,39.61,66.908,153.182,0,217.5738888888889,2012-12-11,2012-12-20
696,2012-12-20 11:00:00,2012-12-20 15:00:00,EURJPY,-7.83,153.182,187.180,0,4.0,2012-12-20,2012-12-20
698,2012-12-20 15:00:00,2012-12-21 06:00:00,EURJPY,-11.24,187.180,414.154,0,15.0,2012-12-20,2012-12-21
701,2012-12-21 06:00:00,2012-12-24 11:08:02,EURJPY,-7.52,414.154,107.624,0,77.13388888888889,2012-12-21,2012-12-24
712,2012-12-24 11:08:02,2012-12-31 05:00:00,EURJPY,17.57,107.624,104.268,0,161.8661111111111,2012-12-24,2012-12-31
713,2012-12-31 05:00:00,2013-01-01 23:00:00,EURJPY,-8.12,104.268,277.512,0,42.0,2012-12-31,2013-01-01
